category,headline,Topic_0,Topic_1,Topic_2,Topic_3,Dominant_Topic,Perc_Dominant_Topic
ENTERTAINMENT,good actress talk act movie work reese witherspoon,0.740817,0.027847972,0.20246865,0.028866401,Topic 0,0.74
POLITICS,gay marriage approve society unravel,0.041812558,0.52089554,0.39546716,0.041824736,Topic 1,0.52
POLITICS,visit superstitious tweeter,0.06267606,0.06266752,0.8119656,0.06269079,Topic 2,0.81
POLITICS,bum,0.12537938,0.12536135,0.12538548,0.6238738,Topic 3,0.62
ENTERTAINMENT,drop trouble,0.08359385,0.74919367,0.08359674,0.083615795,Topic 1,0.75
ENTERTAINMENT,poster star comic con promo photo,0.03584885,0.45991084,0.16439682,0.3398435,Topic 1,0.46
POLITICS,use holocaust denial legal defense,0.04385927,0.042242963,0.8719869,0.041910853,Topic 2,0.87
POLITICS,agree effect cause crime surge,0.042278662,0.04175003,0.87397873,0.0419926,Topic 2,0.87
ENTERTAINMENT,admit get awkward starstruck,0.45066398,0.4490793,0.050123915,0.05013281,Topic 0,0.45
POLITICS,system sabotage,0.083478965,0.7495484,0.08348096,0.08349171,Topic 1,0.75
POLITICS,legal scholar trash prevent,0.84930325,0.050113823,0.050453346,0.050129533,Topic 0,0.85
POLITICS,model forecast dead heat election,0.8739358,0.042391945,0.0417423,0.041929957,Topic 0,0.87
POLITICS,tie,0.62468386,0.12510586,0.12510146,0.1251088,Topic 0,0.62
POLITICS,torture,0.12537989,0.12536137,0.12538427,0.6238745,Topic 3,0.62
POLITICS,troop kill wound niger,0.24877365,0.050120592,0.64768565,0.053420153,Topic 2,0.65
POLITICS,keep rule let dem block trump judge,0.32149586,0.031371277,0.032205928,0.61492693,Topic 3,0.61
POLITICS,face art deal,0.06305471,0.8074545,0.06679402,0.06269673,Topic 1,0.81
POLITICS,actually politically correct politician,0.8454437,0.050208826,0.053299624,0.05104782,Topic 0,0.85
POLITICS,turn actually put baby corner,0.04198979,0.04226596,0.87398726,0.04175699,Topic 2,0.87
POLITICS,propose clamp open process,0.05015818,0.21545126,0.05456877,0.6798218,Topic 3,0.68
POLITICS,middle class taxis lot money,0.041738443,0.87073004,0.041748866,0.045782648,Topic 1,0.87
ENTERTAINMENT,thing hate,0.08450669,0.08574079,0.083416514,0.746336,Topic 3,0.75
POLITICS,governor call oppose common core,0.042088907,0.8710465,0.0444889,0.042375773,Topic 1,0.87
POLITICS,never really recover passing,0.84972864,0.050077755,0.05008257,0.050111007,Topic 0,0.85
POLITICS,dangerous happy support,0.06263828,0.80860597,0.0655554,0.06320036,Topic 1,0.81
ENTERTAINMENT,,0.25,0.25,0.25,0.25,Topic 0,0.25
POLITICS,people hate rahm emanuel much may cost,0.9028437,0.03178502,0.03130935,0.03406193,Topic 0,0.9
POLITICS,warn culture war,0.30332556,0.0663543,0.56723684,0.0630833,Topic 2,0.57
ENTERTAINMENT,,0.25,0.25,0.25,0.25,Topic 0,0.25
POLITICS,total,0.6237465,0.12539102,0.12541598,0.1254465,Topic 0,0.62
ENTERTAINMENT,tear worthy moment season rank,0.04203192,0.87265265,0.043534197,0.04178122,Topic 1,0.87
POLITICS,thaw climate conflict,0.062623054,0.06346891,0.0629405,0.8109675,Topic 3,0.81
POLITICS,take transgender bathroom,0.06517626,0.3207252,0.55137396,0.06272453,Topic 2,0.55
POLITICS,rise tide lift boat boatless leave suffer,0.90284926,0.034216538,0.031599715,0.031334482,Topic 0,0.9
POLITICS,,0.25,0.25,0.25,0.25,Topic 0,0.25
POLITICS,debate,0.12504129,0.13879113,0.12503664,0.61113095,Topic 3,0.61
POLITICS,could end slaughter hour,0.8481434,0.050556105,0.05121775,0.05008275,Topic 0,0.85
POLITICS,limited small staff,0.06263236,0.8120904,0.06263381,0.062643394,Topic 1,0.81
ENTERTAINMENT,put family feud fail shame,0.042994678,0.87022,0.043009777,0.043775555,Topic 1,0.87
ENTERTAINMENT,trailer send,0.08615168,0.0836862,0.4315019,0.3986602,Topic 2,0.43
POLITICS,trump toxic even member would rather vote,0.36612666,0.5694296,0.03225125,0.032192558,Topic 1,0.57
POLITICS,sander call liar,0.062956735,0.06314772,0.55553776,0.31835777,Topic 2,0.56
ENTERTAINMENT,enough fan caress face,0.05014324,0.22077924,0.052032325,0.67704517,Topic 3,0.68
TECH,build minecraft world,0.06263323,0.8119223,0.06280299,0.06264149,Topic 1,0.81
POLITICS,shed conceit,0.7492488,0.08356788,0.083582625,0.08360067,Topic 0,0.75
POLITICS,still mad health care blame,0.042492494,0.042669695,0.8731396,0.041698147,Topic 2,0.87
ENTERTAINMENT,infinity music award,0.41535124,0.06270614,0.45920774,0.06273487,Topic 2,0.46
POLITICS,really hope stop say racist thing judge,0.13234009,0.031513356,0.03151779,0.80462873,Topic 3,0.8
POLITICS,trial come close probably hear much,0.87249595,0.04016282,0.036093794,0.051247437,Topic 0,0.87
ENTERTAINMENT,come soon fast furious live,0.042997066,0.8707447,0.042786106,0.043472137,Topic 1,0.87
POLITICS,,0.25,0.25,0.25,0.25,Topic 0,0.25
ENTERTAINMENT,get,0.624924,0.12504609,0.12501499,0.1250149,Topic 0,0.62
POLITICS,governor threaten expansion fed reject reform,0.03697466,0.036100626,0.03607198,0.89085275,Topic 3,0.89
POLITICS,challenger lose purport ban memo,0.86010534,0.047514714,0.050297875,0.04208203,Topic 0,0.86
POLITICS,agree military deal record sum,0.041843582,0.0436036,0.8705529,0.043999966,Topic 2,0.87
POLITICS,lie blindness affirmative action,0.050104953,0.8487913,0.050990067,0.050113734,Topic 1,0.85
ENTERTAINMENT,admit never love,0.81153995,0.06267468,0.062876664,0.06290869,Topic 0,0.81
POLITICS,supporter use fake minimum wage petition ballot,0.031332415,0.28096682,0.6556633,0.032037452,Topic 2,0.66
ENTERTAINMENT,perfectly tweet bachelor season episode,0.38203007,0.5335786,0.04256156,0.04182976,Topic 1,0.53
POLITICS,cop get help cope trauma,0.2126511,0.041776564,0.7037929,0.04177945,Topic 2,0.7
ENTERTAINMENT,note celebrate release,0.8100981,0.06395951,0.06330573,0.062636636,Topic 0,0.81
ENTERTAINMENT,movie,0.12999111,0.1250421,0.12504539,0.6199214,Topic 3,0.62
POLITICS,heart,0.12543474,0.6236537,0.12543967,0.1254719,Topic 1,0.62
ENTERTAINMENT,ice office film starring rapper voice win mostly unimpressive weekend,0.023089107,0.9310491,0.023086002,0.022775766,Topic 1,0.93
POLITICS,need,0.1251164,0.6202104,0.12955062,0.12512255,Topic 1,0.62
POLITICS,climate change haunt year crop,0.04999505,0.86258113,0.044720933,0.04270288,Topic 1,0.86
POLITICS,delay transgender recruitment month,0.8488227,0.050119705,0.050924975,0.050132666,Topic 0,0.85
POLITICS,year,0.12505364,0.1287222,0.62118065,0.12504347,Topic 2,0.62
ENTERTAINMENT,seem unfazed penisgate,0.06266324,0.0626553,0.06266502,0.8120164,Topic 3,0.81
POLITICS,trump fail correct questioner,0.052052084,0.050570715,0.05096694,0.8464102,Topic 3,0.85
POLITICS,declare,0.1250468,0.12504452,0.62485796,0.12505071,Topic 2,0.62
ENTERTAINMENT,excited trailer netflix wet hot american summer,0.904088,0.031577874,0.032112546,0.032221578,Topic 0,0.9
POLITICS,must become journalist,0.06392639,0.06261786,0.06437407,0.8090817,Topic 3,0.81
ENTERTAINMENT,cover go town woman,0.62185407,0.0506867,0.27700236,0.050456874,Topic 0,0.62
TECH,date ipad launch touch finally week apple rumor,0.027836837,0.028793925,0.91540885,0.027960364,Topic 2,0.92
POLITICS,affirmative action ever,0.06258005,0.8122521,0.06258092,0.062586926,Topic 1,0.81
POLITICS,get personal,0.7460848,0.083464675,0.08347357,0.08697694,Topic 0,0.75
POLITICS,delete embarrassing tweet,0.06263215,0.8109897,0.06373576,0.06264245,Topic 1,0.81
TECH,vague new privacy term explain,0.041785434,0.4772095,0.4392181,0.041786935,Topic 1,0.48
ENTERTAINMENT,,0.25,0.25,0.25,0.25,Topic 0,0.25
ENTERTAINMENT,may already go,0.50226647,0.067700304,0.3668927,0.06314053,Topic 0,0.5
ENTERTAINMENT,movie get suicide joke,0.8477157,0.050078318,0.05008038,0.052125625,Topic 0,0.85
POLITICS,parade,0.12537639,0.1253578,0.12538059,0.6238852,Topic 3,0.62
POLITICS,medium collectively bite try write measure drape,0.03171754,0.031407833,0.03138771,0.9054869,Topic 3,0.91
POLITICS,trump lead government,0.524347,0.34718156,0.064101405,0.06437002,Topic 0,0.52
POLITICS,building swamp cabinet say,0.050189577,0.407282,0.4873728,0.055155646,Topic 2,0.49
ENTERTAINMENT,say hater go,0.06644383,0.06257876,0.80277103,0.068206415,Topic 2,0.8
POLITICS,see say young rest,0.050106887,0.05079201,0.051210534,0.84789056,Topic 3,0.85
TECH,duck good hacker world baffle,0.041722164,0.04937323,0.8671874,0.041717194,Topic 2,0.87
POLITICS,issue finally gain,0.5558819,0.31746095,0.06393222,0.06272496,Topic 0,0.56
POLITICS,big winner big loser budget,0.7550665,0.041784562,0.16123886,0.041910045,Topic 0,0.76
POLITICS,struggle ahead,0.08651659,0.08355358,0.09380609,0.73612374,Topic 3,0.74
ENTERTAINMENT,divorce mom open cope loneliness party,0.035779826,0.036253247,0.8920225,0.0359444,Topic 2,0.89
POLITICS,say account president,0.06389181,0.06521112,0.06323352,0.80766356,Topic 3,0.81
POLITICS,establishment flail trump go kill,0.8733613,0.041840628,0.042017505,0.042780563,Topic 0,0.87
ENTERTAINMENT,soule reveal really tough,0.84852695,0.0500834,0.05008995,0.05129969,Topic 0,0.85
POLITICS,become first state execute death row inmate nitrogen gas,0.026899496,0.025759459,0.12476722,0.82257384,Topic 3,0.82
ENTERTAINMENT,,0.25,0.25,0.25,0.25,Topic 0,0.25
POLITICS,fight tiger,0.08374416,0.08345917,0.74931663,0.08348006,Topic 2,0.75
TECH,nerd stereotype,0.08355911,0.083548106,0.0835616,0.7493312,Topic 3,0.75
POLITICS,sterling child,0.38911697,0.08623339,0.44095567,0.08369394,Topic 2,0.44
POLITICS,debate debate need,0.06252935,0.80836445,0.06308472,0.06602147,Topic 1,0.81
ENTERTAINMENT,good tv show,0.06255191,0.06254612,0.56277174,0.31213027,Topic 2,0.56
ENTERTAINMENT,call reveal,0.48221028,0.08518151,0.349137,0.08347118,Topic 0,0.48
ENTERTAINMENT,brother make official,0.30524665,0.5683945,0.06374427,0.0626146,Topic 1,0.57
ENTERTAINMENT,call great powerful speech,0.050148625,0.05021782,0.8496065,0.05002699,Topic 2,0.85
POLITICS,year old self run president,0.2093195,0.7044479,0.044101387,0.042131152,Topic 1,0.7
POLITICS,try mess backfire big time,0.6295113,0.04174784,0.0419898,0.28675106,Topic 0,0.63
POLITICS,turn meet new victim eminent domain,0.035799462,0.03635218,0.8920653,0.03578306,Topic 2,0.89
POLITICS,lose forget fighting,0.06290174,0.36585408,0.50850725,0.06273691,Topic 2,0.51
POLITICS,apologize tell high school student,0.19323443,0.043182302,0.21687943,0.5467038,Topic 3,0.55
POLITICS,police officer assign shoot gun,0.04234841,0.20968525,0.04172977,0.7062366,Topic 3,0.71
POLITICS,say presidency would tainted,0.05007222,0.05438229,0.21748927,0.67805624,Topic 3,0.68
ENTERTAINMENT,remember victim bernardino shooting,0.2567972,0.43171299,0.052460253,0.2590295,Topic 1,0.43
POLITICS,people trump attack minute,0.05130339,0.050276503,0.050167102,0.84825295,Topic 3,0.85
ENTERTAINMENT,,0.25,0.25,0.25,0.25,Topic 0,0.25
ENTERTAINMENT,first time early know record performance,0.035769895,0.7465678,0.03878452,0.17887783,Topic 1,0.75
ENTERTAINMENT,,0.25,0.25,0.25,0.25,Topic 0,0.25
POLITICS,love high deductible love health bill,0.88086605,0.03621945,0.037402138,0.045512363,Topic 0,0.88
POLITICS,sign support cotton letter disqualify,0.043955643,0.042038746,0.8721194,0.041886143,Topic 2,0.87
ENTERTAINMENT,never,0.6246673,0.12510398,0.12511204,0.12511672,Topic 0,0.62
TECH,get rid easy way watch block content,0.90183234,0.03552111,0.031318672,0.031327877,Topic 0,0.9
ENTERTAINMENT,see social medium technology smart way grow,0.031635284,0.9038498,0.03193063,0.032584332,Topic 1,0.9
POLITICS,congressman tell trump face comment black community hurtful,0.030438324,0.028898235,0.9097196,0.030943837,Topic 2,0.91
POLITICS,weigh compete special counsel focus,0.87400234,0.042422608,0.04178338,0.041791715,Topic 0,0.87
ENTERTAINMENT,early lead,0.08342788,0.7497169,0.08342184,0.083433405,Topic 1,0.75
POLITICS,open opposition research book trump nominee public,0.6436823,0.03376096,0.2908389,0.031717867,Topic 0,0.64
POLITICS,business tie endanger american democracy,0.8738019,0.04188085,0.041741494,0.0425758,Topic 0,0.87
POLITICS,fact check democratic debate,0.050151214,0.84885734,0.050049078,0.05094236,Topic 1,0.85
POLITICS,voter buy denial excuse,0.05012753,0.8440625,0.055671874,0.050138142,Topic 1,0.84
POLITICS,conspiracy theory involve,0.06268834,0.81191707,0.0626904,0.06270422,Topic 1,0.81
ENTERTAINMENT,woman explain falsely accuse dad sexual assault child,0.027839364,0.9128712,0.031205496,0.02808392,Topic 1,0.91
POLITICS,deny trump request hear lawsuit,0.043919347,0.044054795,0.04231806,0.8697078,Topic 3,0.87
TECH,jet launch apple store incredible deal,0.49601868,0.0361988,0.43137705,0.03640545,Topic 0,0.5
TECH,may zuckerberg control forever,0.05060872,0.84920365,0.050090816,0.05009675,Topic 1,0.85
POLITICS,attorney speak deportation effort release detention,0.1761664,0.0357963,0.03732966,0.7507076,Topic 3,0.75
POLITICS,less nominee,0.08339601,0.08345208,0.7497431,0.08340879,Topic 2,0.75
POLITICS,make stomach turn,0.06283379,0.06561376,0.8089665,0.06258588,Topic 2,0.81
POLITICS,,0.25,0.25,0.25,0.25,Topic 0,0.25
ENTERTAINMENT,bloom dress spread holiday cheer child hospital,0.03155559,0.9047282,0.03208624,0.03163003,Topic 1,0.9
POLITICS,reach try become party,0.050462738,0.05007685,0.052819766,0.84664065,Topic 3,0.85
POLITICS,win late version bill,0.84842706,0.051145118,0.05034817,0.05007964,Topic 0,0.85
TECH,semitism,0.12543482,0.6236535,0.12543975,0.125472,Topic 1,0.62
ENTERTAINMENT,respond golden,0.08345928,0.08345318,0.08346063,0.74962693,Topic 3,0.75
POLITICS,sell freedom head cost,0.8486618,0.051143326,0.05009407,0.050100774,Topic 0,0.85
TECH,hide face detection technology,0.05011334,0.053444553,0.8450738,0.051368274,Topic 2,0.85
POLITICS,call sanctuary city immigration plan,0.39781308,0.04209122,0.5182062,0.04188951,Topic 2,0.52
POLITICS,stepping shadow face addiction part,0.041763835,0.04313616,0.8732809,0.04181913,Topic 2,0.87
POLITICS,former say trump repair,0.05108401,0.05037007,0.050738398,0.8478075,Topic 3,0.85
POLITICS,unique fundraising strength,0.062676094,0.06266752,0.8119656,0.062690794,Topic 2,0.81
POLITICS,trump campaign give press pass pro white host black newspaper,0.93079525,0.022827629,0.022930302,0.023446867,Topic 0,0.93
ENTERTAINMENT,add update song,0.3172639,0.062622204,0.55747473,0.06263912,Topic 2,0.56
TECH,cheap standard netflix,0.06423971,0.81036514,0.06269072,0.06270443,Topic 1,0.81
ENTERTAINMENT,game actor discover document sign famously censure priest,0.9162823,0.027835146,0.02803948,0.027843015,Topic 0,0.92
POLITICS,activist democratic convention celebrate progress style,0.03664778,0.8912147,0.035796408,0.036341086,Topic 1,0.89
POLITICS,rip cowardice ducking life,0.05011264,0.050171915,0.05059783,0.84911764,Topic 3,0.85
POLITICS,terrible twitter account inevitable,0.84867877,0.050133176,0.05014146,0.051046614,Topic 0,0.85
POLITICS,top aide korean threat,0.46876076,0.057488006,0.050177492,0.4235737,Topic 0,0.47
ENTERTAINMENT,game throne impression,0.81206226,0.06263675,0.06264529,0.062655695,Topic 0,0.81
POLITICS,presidential primary,0.08433236,0.738367,0.09387814,0.08342249,Topic 1,0.74
POLITICS,chart show questionable trump climate position,0.036757972,0.036103837,0.03590987,0.8912283,Topic 3,0.89
POLITICS,still think human primary cause climate change,0.034688976,0.03270983,0.89969045,0.03291073,Topic 2,0.9
POLITICS,stop say sexist thing hillary,0.04181548,0.34448412,0.042213395,0.571487,Topic 3,0.57
POLITICS,fraud cheapskate,0.08359389,0.7491934,0.0835968,0.08361592,Topic 1,0.75
POLITICS,carly raise third quarter,0.8497336,0.0500829,0.050088268,0.050095245,Topic 0,0.85
POLITICS,disclose sensitive information,0.8064909,0.06811905,0.062687345,0.06270273,Topic 0,0.81
POLITICS,nominee disagree lot thing may matter,0.036063842,0.7681275,0.15940458,0.03640407,Topic 1,0.77
POLITICS,trump call pay family leave affordable child care,0.031141724,0.031268805,0.90812826,0.029461157,Topic 2,0.91
POLITICS,infuriate unleash deeply broken,0.84957355,0.05013321,0.05014154,0.050151706,Topic 0,0.85
POLITICS,say lawyer incriminate information president,0.04195617,0.68537694,0.043076247,0.22959067,Topic 1,0.69
ENTERTAINMENT,famous rabbit pop culture,0.6698065,0.050124925,0.05014269,0.2299259,Topic 0,0.67
ENTERTAINMENT,productive man woman,0.06257936,0.06280659,0.81203294,0.06258109,Topic 2,0.81
ENTERTAINMENT,say night cast member tell underutilized,0.035770796,0.036097363,0.88367623,0.044455577,Topic 2,0.88
POLITICS,even mitch think pay border wall,0.036922783,0.0357837,0.8914136,0.035879873,Topic 2,0.89
POLITICS,single payer critic miss point fall behind,0.15860558,0.0379118,0.7717792,0.031703446,Topic 2,0.77
TECH,protect inbox phishe email attack,0.0417708,0.04241488,0.70452785,0.21128646,Topic 2,0.7
POLITICS,still divide marriage decision,0.050461832,0.050533194,0.84892404,0.05008087,Topic 2,0.85
POLITICS,run away,0.4540891,0.08365466,0.37855652,0.08369978,Topic 0,0.45
ENTERTAINMENT,daily show eviscerate trump black white view law order,0.025509685,0.025425974,0.025188258,0.92387605,Topic 3,0.92
POLITICS,ask national prayer breakfast celebrity apprentice,0.8804522,0.035809103,0.040071506,0.043667175,Topic 0,0.88
ENTERTAINMENT,obsess wear emily prove,0.05014259,0.050140467,0.22568531,0.6740316,Topic 3,0.67
ENTERTAINMENT,direct,0.6237328,0.12539436,0.12542126,0.12545155,Topic 0,0.62
POLITICS,populist push worry red state,0.04205244,0.04245118,0.04175393,0.87374246,Topic 3,0.87
POLITICS,want swap arnold,0.80353355,0.066020444,0.06263588,0.06781007,Topic 0,0.8
POLITICS,unquenchable endless war paine warn neocon come,0.6288309,0.03304378,0.30615425,0.031971075,Topic 0,0.63
POLITICS,federal court rule cutback,0.84553367,0.050065223,0.05006899,0.054332104,Topic 0,0.85
ENTERTAINMENT,song listen instant,0.06259936,0.06259397,0.8121997,0.06260693,Topic 2,0.81
ENTERTAINMENT,exist,0.1254064,0.1253863,0.6237663,0.12544103,Topic 2,0.62
POLITICS,,0.25,0.25,0.25,0.25,Topic 0,0.25
TECH,accuse read text access microphone lawsuit,0.035796847,0.036135484,0.89141905,0.036648635,Topic 2,0.89
POLITICS,anniversary,0.6248767,0.12503853,0.12504095,0.1250439,Topic 0,0.62
POLITICS,republican food stamp bill would cut benefit size government,0.19968842,0.7496855,0.025523866,0.025102155,Topic 1,0.75
POLITICS,go,0.6169367,0.12503299,0.12976743,0.1282629,Topic 0,0.62
POLITICS,trump threaten cut aid,0.057919268,0.2676817,0.05067316,0.6237259,Topic 3,0.62
POLITICS,trump accuse reporter ask judge comment,0.03628137,0.03619658,0.036687374,0.8908347,Topic 3,0.89
ENTERTAINMENT,snl,0.12537645,0.12535791,0.1253807,0.623885,Topic 3,0.62
ENTERTAINMENT,podcast,0.12516345,0.62449396,0.12516534,0.12517726,Topic 1,0.62
ENTERTAINMENT,guess little bride turn,0.05011011,0.050104786,0.8496659,0.050119244,Topic 2,0.85
POLITICS,new trump campaign manager deny nominee personal insult,0.029926421,0.030036554,0.25004202,0.689995,Topic 3,0.69
TECH,ipad mini event mockup week apple rumor,0.031280506,0.031603135,0.90583384,0.031282503,Topic 2,0.91
POLITICS,,0.25,0.25,0.25,0.25,Topic 0,0.25
ENTERTAINMENT,rally,0.12504685,0.12632336,0.62357837,0.12505144,Topic 2,0.62
ENTERTAINMENT,want show,0.08437137,0.0856331,0.08335513,0.7466404,Topic 3,0.75
POLITICS,shocking number state protect unpaid intern discrimination sexual harassment,0.025521535,0.9240369,0.02523599,0.025205508,Topic 1,0.92
POLITICS,musing,0.6237466,0.125391,0.12541601,0.12544642,Topic 0,0.62
ENTERTAINMENT,listen disney princess sing song correct language,0.03158563,0.031315144,0.90548164,0.031617634,Topic 2,0.91
ENTERTAINMENT,think would go screening,0.05473188,0.053173624,0.056403454,0.83569103,Topic 3,0.84
POLITICS,go viral,0.093593635,0.08347356,0.7372498,0.08568302,Topic 2,0.74
ENTERTAINMENT,may see light day year,0.3823376,0.047313064,0.52726084,0.04308848,Topic 2,0.53
POLITICS,nuclear giant exelon blast wind,0.0422484,0.041767187,0.0417753,0.8742091,Topic 3,0.87
ENTERTAINMENT,girl lower official release date,0.045867566,0.37501281,0.37368035,0.2054393,Topic 1,0.38
POLITICS,,0.25,0.25,0.25,0.25,Topic 0,0.25
ENTERTAINMENT,actor filmmaker talk whitewash,0.8497673,0.05007245,0.050079394,0.05008089,Topic 0,0.85
POLITICS,corporation less prominent,0.06264207,0.06263552,0.8120685,0.06265392,Topic 2,0.81
POLITICS,program reject percent applicant,0.050850514,0.050104614,0.051481448,0.84756345,Topic 3,0.85
POLITICS,say critic act snowflake,0.05082884,0.05009453,0.051283628,0.84779304,Topic 3,0.85
POLITICS,ever happen antitrust,0.06259621,0.81220233,0.06259726,0.0626042,Topic 1,0.81
POLITICS,brother take paranoid style politic level,0.45650017,0.47153014,0.035803564,0.03616615,Topic 1,0.47
ENTERTAINMENT,prove actually know science,0.050880704,0.44868997,0.45023206,0.05019724,Topic 2,0.45
POLITICS,leadership,0.12541279,0.12539034,0.62375087,0.12544602,Topic 2,0.62
POLITICS,plenty senator love job,0.054364845,0.051096212,0.843517,0.051021937,Topic 2,0.84
POLITICS,obamacare risk must provide proof legal status,0.9048205,0.031317458,0.03180794,0.032054055,Topic 0,0.9
POLITICS,morning email,0.08349994,0.08348798,0.41797557,0.41503647,Topic 2,0.42
POLITICS,admit cultivate hundred jailhouse informant lawyer say,0.037005607,0.77449775,0.03251508,0.15598156,Topic 1,0.77
ENTERTAINMENT,say would love come,0.05513515,0.053630494,0.05184315,0.83939123,Topic 3,0.84
ENTERTAINMENT,new single triumphant get announce,0.20821007,0.7062438,0.043783423,0.041762695,Topic 1,0.71
ENTERTAINMENT,great moment time,0.0625644,0.063292965,0.560483,0.31365967,Topic 2,0.56
POLITICS,top slow trump sit hand,0.050447695,0.2779748,0.6259631,0.04561436,Topic 2,0.63
ENTERTAINMENT,dj,0.1253811,0.1253614,0.1253859,0.6238716,Topic 3,0.62
POLITICS,group support hire hope run,0.2126612,0.04246185,0.34069195,0.40418497,Topic 3,0.4
POLITICS,abandon fund demand,0.8098214,0.062670685,0.06268137,0.06482651,Topic 0,0.81
POLITICS,new mayor drive giant snail car,0.6916541,0.037225,0.23386534,0.037255555,Topic 0,0.69
ENTERTAINMENT,try snuggle bed,0.063280806,0.062615655,0.06298806,0.81111544,Topic 3,0.81
POLITICS,defend racist,0.08465079,0.083486624,0.08349622,0.74836636,Topic 3,0.75
ENTERTAINMENT,finally fix ending,0.06263886,0.557564,0.06317045,0.31662667,Topic 1,0.56
POLITICS,native american activist columbus day,0.8733568,0.042233415,0.041743085,0.0426667,Topic 0,0.87
POLITICS,provision could problem government funding negotiation,0.8916439,0.036016855,0.03651204,0.035827212,Topic 0,0.89
ENTERTAINMENT,remain critical condition,0.06267735,0.06266875,0.80984885,0.06480505,Topic 2,0.81
ENTERTAINMENT,meet,0.1257647,0.12503238,0.6241661,0.12503688,Topic 2,0.62
POLITICS,say,0.12500557,0.12503605,0.12989326,0.62006515,Topic 3,0.62
POLITICS,inmate flint force consume use contaminate water month,0.4532625,0.027868938,0.029919771,0.48894876,Topic 3,0.49
POLITICS,race,0.6246916,0.1250953,0.12510446,0.12510858,Topic 0,0.62
POLITICS,criticism prep sweep defense foreign policy,0.8922071,0.03579918,0.036183394,0.03581034,Topic 0,0.89
ENTERTAINMENT,audition show far come,0.05069967,0.050352428,0.050597146,0.8483507,Topic 3,0.85
POLITICS,deliver holiday gift,0.06266341,0.063883446,0.0626652,0.810788,Topic 3,0.81
POLITICS,lawmaker finally vote end year old war authorization,0.3238654,0.6175524,0.029364541,0.029217575,Topic 1,0.62
POLITICS,good wall make good neighbor,0.041807853,0.042768475,0.87371296,0.04171073,Topic 2,0.87
ENTERTAINMENT,new plantpure nation documentary,0.050200354,0.8482952,0.051394068,0.050110348,Topic 1,0.85
POLITICS,future negotiation hang balance trade minister meet,0.89810646,0.031325046,0.039232645,0.031335868,Topic 0,0.9
POLITICS,hate politic follow money,0.052532356,0.050805002,0.050111074,0.8465516,Topic 3,0.85
POLITICS,let talk race,0.568263,0.06258974,0.3027306,0.066416696,Topic 0,0.57
ENTERTAINMENT,second director say weinstein blacklist film,0.03670719,0.036637243,0.88966566,0.03698994,Topic 2,0.89
ENTERTAINMENT,dead weather announce new album dodge,0.17852567,0.74915767,0.036510855,0.035805807,Topic 1,0.75
POLITICS,trump new executive order make easy fire federal worker,0.025777958,0.47481418,0.16299756,0.3364103,Topic 1,0.47
ENTERTAINMENT,shade,0.12538014,0.1253612,0.12538624,0.6238724,Topic 3,0.62
POLITICS,yet,0.1250239,0.6199805,0.12502576,0.12996982,Topic 1,0.62
POLITICS,anti struggle good reject nominee,0.04170692,0.041714504,0.87300736,0.04357124,Topic 2,0.87
POLITICS,struggle accommodate sunni,0.06264187,0.06263499,0.81146044,0.06326272,Topic 2,0.81
POLITICS,school walkout begin student activism gun violence,0.033896316,0.90307355,0.03132628,0.031703874,Topic 1,0.9
POLITICS,escort myth quiet sidewalk counselor,0.041788563,0.8746225,0.041790128,0.04179883,Topic 1,0.87
POLITICS,institutional racism problem crime bill,0.8736161,0.042145904,0.042483803,0.041754194,Topic 0,0.87
POLITICS,lawmaker break ignore strongly word letter write strongly word letter,0.9314428,0.022763157,0.022878964,0.022915037,Topic 0,0.93
POLITICS,court hear argument,0.8111061,0.06259383,0.06259984,0.06370025,Topic 0,0.81
ENTERTAINMENT,anniversary,0.6248767,0.12503853,0.12504095,0.1250439,Topic 0,0.62
POLITICS,religious extremist societal indoctrination still threaten open,0.03437888,0.03183553,0.9017054,0.032080233,Topic 2,0.9
POLITICS,former gratuitous lie,0.06264425,0.06478031,0.7999802,0.07259523,Topic 2,0.8
POLITICS,misogynistic colleague,0.74924886,0.08356786,0.08358265,0.083600625,Topic 0,0.75
TECH,go gold internet regulation,0.053352796,0.050100725,0.05128263,0.84526384,Topic 3,0.85
POLITICS,serial update,0.44629163,0.08363912,0.38638708,0.08368223,Topic 0,0.45
POLITICS,quit unaccountable kill secretive drone program,0.89118165,0.03607562,0.03626565,0.03647708,Topic 0,0.89
POLITICS,law order cause firestorm,0.050081328,0.051695757,0.0524475,0.8457754,Topic 3,0.85
POLITICS,bad thing,0.08339397,0.74516094,0.08339483,0.08805027,Topic 1,0.75
ENTERTAINMENT,real life black creator show feminist bomb,0.032175362,0.5462118,0.032057576,0.38955534,Topic 1,0.55
POLITICS,transit agency promise immigration raid,0.8747122,0.04175651,0.041762333,0.041768886,Topic 0,0.87
POLITICS,prep spending cut bill could set shutdown standoff,0.7865294,0.15744065,0.028212555,0.027817331,Topic 0,0.79
POLITICS,people climate,0.08399731,0.08523324,0.084050424,0.746719,Topic 3,0.75
POLITICS,want extend civil right protection unpaid intern,0.9005768,0.03257239,0.03417677,0.03267407,Topic 0,0.9
POLITICS,give advice,0.45039347,0.38196844,0.08383564,0.08380248,Topic 0,0.45
ENTERTAINMENT,kid bring,0.08342593,0.083421096,0.7497197,0.08343331,Topic 2,0.75
ENTERTAINMENT,take second get really awkward,0.49716672,0.4190776,0.04200949,0.041746195,Topic 0,0.5
ENTERTAINMENT,lose world video rapper team filmmaker video,0.28127092,0.29379246,0.39358088,0.03135574,Topic 2,0.39
POLITICS,ban deceptive ad anti abortion pregnancy clinic,0.032069113,0.031332526,0.28586257,0.6507358,Topic 3,0.65
TECH,former director privacy security,0.050073106,0.050454065,0.8436826,0.055790253,Topic 2,0.84
POLITICS,trounce democratic primary,0.06301928,0.8077375,0.066653244,0.06258999,Topic 1,0.81
POLITICS,powerful teach everywhere,0.062642016,0.06263514,0.812069,0.06265384,Topic 2,0.81
POLITICS,stop state,0.085017756,0.08757839,0.083353154,0.7440507,Topic 3,0.74
POLITICS,loyalist medium able contain sprawl story,0.03579557,0.03592659,0.035796426,0.8924814,Topic 3,0.89
POLITICS,disarm destroy,0.08355911,0.08354812,0.083561584,0.74933124,Topic 3,0.75
POLITICS,,0.25,0.25,0.25,0.25,Topic 0,0.25
POLITICS,hit campaign trail dem,0.05360013,0.050657213,0.050091848,0.84565085,Topic 3,0.85
POLITICS,threat time bomb,0.5521771,0.06477541,0.06262885,0.3204187,Topic 0,0.55
POLITICS,approval rating hit second term high,0.036918975,0.7554203,0.036449485,0.17121124,Topic 1,0.76
ENTERTAINMENT,scandal get cynical american politic check family,0.9011281,0.035409514,0.031583108,0.031879257,Topic 0,0.9
POLITICS,still exceptional,0.08490347,0.08519473,0.74642736,0.08347443,Topic 2,0.75
POLITICS,,0.25,0.25,0.25,0.25,Topic 0,0.25
POLITICS,say,0.12500557,0.12503606,0.12993196,0.6200264,Topic 3,0.62
POLITICS,water crisis union step trump failing,0.04061836,0.035875976,0.035826705,0.887679,Topic 3,0.89
POLITICS,sicken say tolerate,0.0626194,0.06262351,0.808286,0.066471055,Topic 2,0.81
POLITICS,call racist spark feud ahead big election,0.9018868,0.03202989,0.03353207,0.032551214,Topic 0,0.9
POLITICS,woman would philadelphia new mayor,0.042061165,0.2428801,0.6724567,0.042602036,Topic 2,0.67
POLITICS,pitch complex investment program,0.05073201,0.05010472,0.84836245,0.05080079,Topic 2,0.85
POLITICS,trump reassure donor try,0.83804363,0.058361553,0.05063898,0.05295579,Topic 0,0.84
POLITICS,teacher protest office,0.06260012,0.06393529,0.81085616,0.062608436,Topic 2,0.81
ENTERTAINMENT,name accord rowling,0.81206745,0.06263514,0.062643565,0.06265385,Topic 0,0.81
ENTERTAINMENT,need difficult man make great tv,0.035816565,0.03767415,0.8907595,0.035749786,Topic 2,0.89
TECH,secure fourth grader hint,0.05010221,0.05009728,0.050103318,0.84969723,Topic 3,0.85
POLITICS,supporter sue registration extend election day,0.16531765,0.03578083,0.036093924,0.7628076,Topic 3,0.76
ENTERTAINMENT,open impregnate mystery woman,0.050072685,0.051276255,0.84853905,0.050112005,Topic 2,0.85
POLITICS,decade ago explain trump still know economy,0.032959174,0.9025213,0.03220728,0.032312218,Topic 1,0.9
POLITICS,flood donation,0.083514616,0.08350586,0.083516575,0.74946296,Topic 3,0.75
ENTERTAINMENT,bowery ballroom,0.08354288,0.7493512,0.08354484,0.083561026,Topic 1,0.75
POLITICS,appeal court rule trump third travel ban violate federal law,0.6518148,0.02359085,0.022783803,0.30181056,Topic 0,0.65
POLITICS,federal appeal court give thumb revise law,0.211239,0.031685162,0.031331513,0.7257443,Topic 3,0.73
POLITICS,guilty plea pull vice close spotlight,0.8922893,0.03594524,0.035786424,0.03597907,Topic 0,0.89
ENTERTAINMENT,say want surveillance certain mosque,0.041904707,0.042115174,0.04195779,0.87402236,Topic 3,0.87
ENTERTAINMENT,guy dollar listing make movie,0.8568445,0.054997064,0.045091305,0.043067165,Topic 0,0.86
POLITICS,let email go,0.06643324,0.062538065,0.8064433,0.064585395,Topic 2,0.81
POLITICS,libertarian candidate embrace spoiler election,0.87326014,0.043060854,0.04174545,0.04193357,Topic 0,0.87
POLITICS,difference presidential candidate plan attend event,0.042674687,0.88504165,0.03609742,0.036186248,Topic 1,0.89
POLITICS,tricky position health care repeal head,0.89010096,0.035761263,0.03805507,0.036082704,Topic 0,0.89
ENTERTAINMENT,announce birth daughter,0.06260628,0.81217176,0.06260713,0.062614866,Topic 1,0.81
POLITICS,country full humor,0.06262133,0.81212455,0.06262267,0.06263143,Topic 1,0.81
POLITICS,democratic primary,0.084288396,0.7385299,0.09380285,0.08337883,Topic 1,0.74
ENTERTAINMENT,give inspiring speech kid choice award,0.15425038,0.035770137,0.77416295,0.035816535,Topic 2,0.77
POLITICS,calm race,0.7496056,0.08345593,0.08346493,0.0834735,Topic 0,0.75
ENTERTAINMENT,real,0.12504157,0.6248705,0.125042,0.12504596,Topic 1,0.62
ENTERTAINMENT,company may sell firm lead close friend,0.032855976,0.9042339,0.031296585,0.031613573,Topic 1,0.9
POLITICS,moderate try seize party crummy moment,0.0364477,0.035900388,0.890076,0.037575893,Topic 2,0.89
ENTERTAINMENT,season episode make friend podcast,0.042010795,0.87431073,0.04197973,0.041698713,Topic 1,0.87
POLITICS,fight wallet,0.08420343,0.39663517,0.43552643,0.08363496,Topic 2,0.44
TECH,spotify bumble finally let judge potential date base music taste,0.022907572,0.02337236,0.92903566,0.024684392,Topic 2,0.93
ENTERTAINMENT,robert former door guitarist die,0.04175322,0.8649026,0.042841375,0.05050278,Topic 1,0.86
ENTERTAINMENT,new ghostbuster go drive,0.054769527,0.051967315,0.32646692,0.5667962,Topic 3,0.57
POLITICS,almost strangle plan cradle,0.11074382,0.050651453,0.05836689,0.78023785,Topic 3,0.78
POLITICS,war must first understand origin,0.042149533,0.04269163,0.87286985,0.042288933,Topic 2,0.87
POLITICS,loser hurt,0.08371321,0.42160428,0.4110564,0.0836261,Topic 1,0.42
POLITICS,create,0.6239935,0.12531403,0.12533431,0.12535818,Topic 0,0.62
POLITICS,prediction economic prediction suck,0.05007871,0.050074928,0.8497611,0.050085224,Topic 2,0.85
POLITICS,federal strike map,0.062973045,0.062592685,0.06259809,0.8118362,Topic 3,0.81
POLITICS,investigation focus paddock finance travel source,0.036528654,0.89186734,0.035798214,0.03580581,Topic 1,0.89
POLITICS,protester fight restrict free speech convention,0.035880968,0.036219086,0.38044444,0.5474555,Topic 3,0.55
POLITICS,consumer privacy move conversation forward,0.0417382,0.041863196,0.8746547,0.04174395,Topic 2,0.87
POLITICS,morning attack female accuser fellow electoral integrity,0.033080325,0.03153414,0.031300854,0.9040847,Topic 3,0.9
POLITICS,weak pay transparency executive order,0.041739378,0.04325221,0.8709488,0.044059575,Topic 2,0.87
ENTERTAINMENT,stine monster come life goosebump trailer,0.036381222,0.03603001,0.8904115,0.037177294,Topic 2,0.89
POLITICS,trump approval rating tick slightly record low,0.03262676,0.90348417,0.031551637,0.032337405,Topic 1,0.9
POLITICS,rise super pac set avoid brutal primary season,0.9131675,0.029236209,0.029768644,0.027827717,Topic 0,0.91
ENTERTAINMENT,back,0.62362707,0.12627704,0.1250463,0.12504962,Topic 0,0.62
POLITICS,gun control,0.083387166,0.7498327,0.08338776,0.083392404,Topic 1,0.75
POLITICS,cheer move progressive direction,0.050120328,0.49448922,0.40526018,0.050130337,Topic 1,0.49
POLITICS,accept firm tie russian oligarch report,0.89231676,0.036124323,0.035776746,0.035782196,Topic 0,0.89
POLITICS,think government abuse power,0.844423,0.05012374,0.054579582,0.050873652,Topic 0,0.84
POLITICS,war weird rant,0.06274637,0.16938601,0.06793516,0.69993246,Topic 3,0.7
POLITICS,climate sup want choose candidate back,0.04134944,0.885696,0.035912905,0.037041668,Topic 1,0.89
ENTERTAINMENT,show bit,0.083433315,0.08342941,0.0834353,0.7497019,Topic 3,0.75
POLITICS,long tease buzz,0.062640324,0.06263353,0.8120741,0.062652014,Topic 2,0.81
POLITICS,code pink aim rally public airstrike,0.036069565,0.88813347,0.04001889,0.03577814,Topic 1,0.89
POLITICS,say russian attack election day,0.4812207,0.041698877,0.042243652,0.4348368,Topic 0,0.48
ENTERTAINMENT,great grandmother emotional,0.06259812,0.06259318,0.81220216,0.062606566,Topic 2,0.81
POLITICS,think tough trump ready resume waterboarding,0.03703095,0.035875738,0.0374113,0.889682,Topic 3,0.89
ENTERTAINMENT,revival would amazing,0.062602594,0.6221754,0.25199685,0.06322516,Topic 1,0.62
POLITICS,call great global revolution,0.050187107,0.0502551,0.8494913,0.05006648,Topic 2,0.85
POLITICS,reportedly tell consider reduce troop,0.04173171,0.041728333,0.87480265,0.04173733,Topic 2,0.87
POLITICS,sander remain competitive post debate poll,0.03576429,0.03612854,0.036023222,0.89208394,Topic 3,0.89
ENTERTAINMENT,rise fearful breast reduction surgery,0.04309565,0.8733674,0.041764963,0.04177197,Topic 1,0.87
POLITICS,dear really want cancer drug super expensive,0.90466076,0.031894002,0.031289045,0.032156214,Topic 0,0.9
POLITICS,gutte rule fight nation second big toxic pollution threat,0.9208751,0.02651347,0.027571471,0.025040003,Topic 0,0.92
POLITICS,say force police provide shoot datum,0.036360454,0.035743568,0.035911087,0.8919849,Topic 3,0.89
ENTERTAINMENT,show hide talent,0.06259101,0.06258714,0.06360605,0.8112158,Topic 3,0.81
POLITICS,child deserve fair chance,0.05009783,0.84727097,0.05252587,0.050105385,Topic 1,0.85
ENTERTAINMENT,make forget lyric enjoyable,0.050223473,0.051773466,0.8479229,0.050080128,Topic 2,0.85
POLITICS,know yet soda taxis make healthy,0.03585848,0.6067696,0.31760883,0.039763056,Topic 1,0.61
ENTERTAINMENT,launch tour next summer,0.05086858,0.056464594,0.051222105,0.84144473,Topic 3,0.84
ENTERTAINMENT,may get prince music,0.84763217,0.051454075,0.05086011,0.05005363,Topic 0,0.85
ENTERTAINMENT,say war bring together,0.050079674,0.05131745,0.84623545,0.052367426,Topic 2,0.85
POLITICS,,0.25,0.25,0.25,0.25,Topic 0,0.25
TECH,shopping site offer model delivery service,0.03610315,0.8922954,0.035797738,0.035803672,Topic 1,0.89
POLITICS,government lease,0.39970952,0.42921415,0.087484725,0.083591625,Topic 1,0.43
POLITICS,keep demand trump taxis,0.051786285,0.05046998,0.050169732,0.847574,Topic 3,0.85
POLITICS,immigrant detainee may die inadequate care doctor say,0.028334863,0.691986,0.24876714,0.030911928,Topic 1,0.69
ENTERTAINMENT,new,0.12502542,0.13306129,0.6167089,0.1252044,Topic 2,0.62
ENTERTAINMENT,irrational director speak existence,0.050088905,0.050084464,0.051638905,0.8481877,Topic 3,0.85
POLITICS,trump sign first executive order obamacare,0.34612787,0.03810716,0.5755067,0.04025827,Topic 2,0.58
POLITICS,need information condemn paper deny,0.04188006,0.87433344,0.04191964,0.041866876,Topic 1,0.87
POLITICS,trump miss deadline remove nationalist delegate list,0.036380816,0.89979565,0.03147961,0.032343946,Topic 1,0.9
POLITICS,progressive meet secretly iranian diplomat,0.04176544,0.041727584,0.87477696,0.041729998,Topic 2,0.87
TECH,subscription fee,0.08351539,0.08350622,0.08351659,0.74946177,Topic 3,0.75
POLITICS,blame economy,0.08348131,0.74691445,0.08611057,0.08349367,Topic 1,0.75
POLITICS,danger new world order,0.05003695,0.4543322,0.44370002,0.05193084,Topic 1,0.45
POLITICS,authorization use military force isis broad,0.035935696,0.03578815,0.037518438,0.8907577,Topic 3,0.89
ENTERTAINMENT,high pay tv actress,0.050722733,0.05030646,0.8323494,0.06662138,Topic 2,0.83
TECH,good grief,0.08344975,0.08343728,0.749661,0.083451875,Topic 2,0.75
POLITICS,give hungry student cost lady job,0.45086834,0.47679818,0.03647859,0.03585486,Topic 1,0.48
ENTERTAINMENT,get,0.624924,0.12504609,0.12501499,0.1250149,Topic 0,0.62
POLITICS,reparation,0.12532558,0.12530896,0.6240123,0.12535319,Topic 2,0.62
POLITICS,close vote military people,0.05198977,0.053536035,0.050267115,0.84420705,Topic 3,0.84
TECH,new fellow look scale civic innovation country,0.031306878,0.9053133,0.031740554,0.0316393,Topic 1,0.91
POLITICS,let fail,0.08344198,0.08432207,0.08909214,0.7431438,Topic 3,0.74
POLITICS,new polling find voter call,0.04191145,0.5676403,0.3486864,0.04176187,Topic 1,0.57
POLITICS,even think insurance plan allow count insurance,0.9026321,0.03324456,0.032525547,0.031597774,Topic 0,0.9
POLITICS,farm bill would cut food stamp friendly farmer,0.028079001,0.91618186,0.027883492,0.027855702,Topic 1,0.92
POLITICS,patriotic police brutality injustice,0.84542805,0.050018817,0.05001996,0.054533187,Topic 0,0.85
POLITICS,declare first new marine sanctuary year,0.035724014,0.036200974,0.89234376,0.035731275,Topic 2,0.89
POLITICS,gun craze nation,0.062719315,0.8122419,0.06251856,0.062520236,Topic 1,0.81
POLITICS,dear campaign somehow still,0.8468236,0.051004637,0.051920958,0.05025082,Topic 0,0.85
POLITICS,yet,0.1250239,0.6199523,0.12502578,0.12999801,Topic 1,0.62
POLITICS,say fight equal pay child care say,0.03136898,0.03136731,0.90452474,0.032738946,Topic 2,0.9
ENTERTAINMENT,seek justice dog shoot dead update,0.89219123,0.03572553,0.035726033,0.036357217,Topic 0,0.89
POLITICS,condemn order target muslim chaotic weekend,0.03573066,0.8921451,0.03586685,0.036257394,Topic 1,0.89
ENTERTAINMENT,lock run fall,0.8124543,0.06251419,0.06251549,0.06251607,Topic 0,0.81
POLITICS,voter prove depressingly right,0.050120547,0.050239865,0.8495914,0.05004822,Topic 2,0.85
POLITICS,fix gas tax explore mile taxis,0.036068294,0.035811912,0.03607444,0.8920453,Topic 3,0.89
POLITICS,dangerous salesman world,0.0625242,0.8122624,0.06269,0.062523395,Topic 1,0.81
POLITICS,nominee still think,0.06361192,0.06333608,0.8101567,0.0628953,Topic 2,0.81
POLITICS,congressional rule change could slash entitlement spending,0.9056011,0.03145796,0.031679787,0.031261172,Topic 0,0.91
ENTERTAINMENT,announce huge news,0.062522925,0.8124292,0.06252312,0.062524766,Topic 1,0.81
ENTERTAINMENT,plot twist night shyamalan probably want stop plot twist,0.025084805,0.025286857,0.025026014,0.9246024,Topic 3,0.92
ENTERTAINMENT,deny role,0.08336618,0.74902284,0.083367065,0.08424388,Topic 1,0.75
ENTERTAINMENT,stir tweet collab pretty girl,0.041682433,0.8745487,0.04208538,0.041683525,Topic 1,0.87
POLITICS,release tax return go back,0.87229604,0.041744493,0.043503083,0.042456336,Topic 0,0.87
POLITICS,could government lose tax theft,0.044124927,0.042476982,0.8711329,0.042265207,Topic 2,0.87
TECH,date video ipad mini week apple rumor,0.031260405,0.031257406,0.90622383,0.031258356,Topic 2,0.91
POLITICS,non response shooting,0.06252193,0.062524505,0.06252191,0.81243163,Topic 3,0.81
POLITICS,high time,0.08361872,0.08347857,0.083713055,0.7491896,Topic 3,0.75
POLITICS,class war,0.08343949,0.7473355,0.085434005,0.08379101,Topic 1,0.75
POLITICS,bear,0.1250526,0.12505004,0.12505318,0.6248442,Topic 3,0.62
ENTERTAINMENT,hilarious dance,0.74992234,0.0833576,0.08335911,0.08336095,Topic 0,0.75
POLITICS,,0.25,0.25,0.25,0.25,Topic 0,0.25
POLITICS,minimum wage worker vote,0.05001458,0.8496236,0.05002692,0.05033484,Topic 1,0.85
POLITICS,threaten veto budget bill defunde plan parenthood,0.9057153,0.03150367,0.031391148,0.03138989,Topic 0,0.91
POLITICS,win trademark,0.7484584,0.08482302,0.08335839,0.08336017,Topic 0,0.75
POLITICS,lower body index weird trick,0.04168045,0.041680023,0.04168235,0.87495714,Topic 3,0.87
ENTERTAINMENT,remember anniversary death,0.81223524,0.06252509,0.06252172,0.062717974,Topic 0,0.81
ENTERTAINMENT,may dead,0.7440866,0.08920955,0.083352685,0.08335114,Topic 0,0.74
POLITICS,top official stay friend donor,0.041972462,0.8746672,0.04167991,0.041680392,Topic 1,0.87
POLITICS,may want pack state probably,0.042631894,0.8718998,0.041679323,0.043789003,Topic 1,0.87
ENTERTAINMENT,revival release date cast photo,0.042861152,0.041741762,0.8737134,0.041683678,Topic 2,0.87
POLITICS,admit ceos quit trump business council sideshow,0.9056425,0.03157703,0.03129405,0.03148642,Topic 0,0.91
POLITICS,state get decide discriminate lgbtq student,0.8911697,0.036672965,0.035726067,0.036431238,Topic 0,0.89
POLITICS,say ask sander debate sander say,0.035755023,0.036085524,0.036060274,0.89209914,Topic 3,0.89
ENTERTAINMENT,arrive,0.12505262,0.12505001,0.12505318,0.6248442,Topic 3,0.62
POLITICS,say could persuade hold lame duck hearing,0.03146851,0.03138422,0.90523034,0.031916913,Topic 2,0.91
POLITICS,trump raise specter crisis win,0.87399125,0.042069014,0.04174318,0.04219659,Topic 0,0.87
POLITICS,pressure state reverse mandatory order,0.041977804,0.042823687,0.04182318,0.87337536,Topic 3,0.87
ENTERTAINMENT,bunch star wrap ava duvernay wrinkle time,0.03126059,0.031259805,0.03125987,0.9062197,Topic 3,0.91
POLITICS,key line anti abortion speech,0.041679934,0.041679297,0.8749555,0.041685343,Topic 2,0.87
ENTERTAINMENT,parent boycott rabbit movie,0.050417762,0.05001599,0.050017033,0.8495492,Topic 3,0.85
ENTERTAINMENT,boy ridiculously adorable,0.8124239,0.062523775,0.06252526,0.062527046,Topic 0,0.81
ENTERTAINMENT,read celebrity first ridiculous tweet,0.041746736,0.042538635,0.87403375,0.041680906,Topic 2,0.87
POLITICS,care bill kill,0.8029991,0.06358569,0.0699303,0.06348493,Topic 0,0.8
ENTERTAINMENT,list include fall,0.81222486,0.06273393,0.06252053,0.06252067,Topic 0,0.81
ENTERTAINMENT,really female superhero,0.8121442,0.06252009,0.0625211,0.0628146,Topic 0,0.81
POLITICS,state chair oppose bill make easy vote claim hurt,0.02536808,0.92423826,0.025177792,0.025215883,Topic 1,0.92
POLITICS,urge top lawyer strengthen gun background check system,0.027889956,0.916537,0.0277862,0.027786864,Topic 1,0.92
POLITICS,give health benefit government shutdown update,0.89190185,0.03577317,0.036595345,0.03572964,Topic 0,0.89
ENTERTAINMENT,step yet sexy maternity ensemble,0.041680984,0.042961985,0.041681338,0.8736757,Topic 3,0.87
POLITICS,courage,0.1250526,0.12505002,0.12505317,0.6248442,Topic 3,0.62
POLITICS,give run,0.7498303,0.0833537,0.08342105,0.08339496,Topic 0,0.75
POLITICS,almost like new health care bill,0.03743252,0.036896132,0.889874,0.03579734,Topic 2,0.89
ENTERTAINMENT,first,0.12501213,0.1272128,0.6227574,0.1250177,Topic 2,0.62
ENTERTAINMENT,fill,0.62482524,0.12505458,0.12505801,0.12506221,Topic 0,0.62
ENTERTAINMENT,dance beyonce cherry top hump day,0.8916436,0.036852464,0.03572603,0.03577794,Topic 0,0.89
ENTERTAINMENT,know,0.12503175,0.6248982,0.12503548,0.12503456,Topic 1,0.62
POLITICS,police protester potential ally,0.05020653,0.05001341,0.050878774,0.8489012,Topic 3,0.85
ENTERTAINMENT,wait finally happen,0.062527515,0.8120909,0.06285811,0.062523484,Topic 1,0.81
ENTERTAINMENT,comic,0.12504385,0.12505446,0.12504473,0.62485695,Topic 3,0.62
ENTERTAINMENT,newsroom could biggest misstep yet,0.042612024,0.87249833,0.042967923,0.04192173,Topic 1,0.87
ENTERTAINMENT,explain get,0.417084,0.4098137,0.08972871,0.08337354,Topic 0,0.42
ENTERTAINMENT,date already,0.08335269,0.083351105,0.7499427,0.0833535,Topic 2,0.75
POLITICS,explosive shock vote leave quit,0.042484023,0.873872,0.041754205,0.041889794,Topic 1,0.87
ENTERTAINMENT,kiss say,0.08335086,0.0833592,0.08467311,0.7486169,Topic 3,0.75
TECH,gamer save,0.08336978,0.74988717,0.08337019,0.08337282,Topic 1,0.75
POLITICS,miss next democratic debate cnnpolitic com,0.0357266,0.89230394,0.03576569,0.03620373,Topic 1,0.89
ENTERTAINMENT,steal real replace,0.06252364,0.81242675,0.062523894,0.06252573,Topic 1,0.81
POLITICS,discuss great frustration presidency,0.050016474,0.05001568,0.8498914,0.050076447,Topic 2,0.85
POLITICS,end immigration protection,0.81244195,0.06251822,0.06251952,0.062520295,Topic 0,0.81
POLITICS,tell ball,0.08335967,0.083358295,0.7499175,0.083364554,Topic 2,0.75
POLITICS,elector vote conservative dream ticket penny,0.035726566,0.036761552,0.035726633,0.89178526,Topic 3,0.89
ENTERTAINMENT,say cocaine,0.08335085,0.08335919,0.084675215,0.7486147,Topic 3,0.75
POLITICS,respond whcd barb,0.06252159,0.062520556,0.06252183,0.81243604,Topic 3,0.81
POLITICS,police shoot kill farmworker clear wrongdoing,0.03667059,0.035724238,0.035726056,0.89187914,Topic 3,0.89
POLITICS,primary explain use actual horse,0.04175458,0.042689018,0.87373376,0.04182265,Topic 2,0.87
TECH,hacker shake progressive group,0.050016407,0.050795402,0.8491659,0.050022237,Topic 2,0.85
ENTERTAINMENT,mad man return,0.06395924,0.06251973,0.8109986,0.06252243,Topic 2,0.81
ENTERTAINMENT,take cry face whole new level,0.035727046,0.8920275,0.036493864,0.035751585,Topic 1,0.89
TECH,,0.25,0.25,0.25,0.25,Topic 0,0.25
POLITICS,first gay couple receive marriage license jail,0.03125973,0.031320192,0.9061594,0.031260666,Topic 2,0.91
POLITICS,expect american taxpayer,0.06347408,0.06252211,0.062523164,0.81148064,Topic 3,0.81
ENTERTAINMENT,beat police say undead singer attack former bandmate,0.027836151,0.027809875,0.027934905,0.91641915,Topic 3,0.92
POLITICS,release hospital fall,0.81006825,0.064223774,0.06318822,0.06251977,Topic 0,0.81
POLITICS,shake top staff,0.0630249,0.81036305,0.064091556,0.06252052,Topic 1,0.81
POLITICS,bad may lose office,0.050643772,0.8471658,0.052174337,0.05001607,Topic 1,0.85
POLITICS,still favorite bank,0.063716516,0.80845815,0.06529861,0.06252674,Topic 1,0.81
POLITICS,open gun law allow firearm psychiatric hospital,0.03155771,0.90542156,0.031488683,0.031532086,Topic 1,0.91
POLITICS,protester rally health care office building,0.036078326,0.036115855,0.8916379,0.03616791,Topic 2,0.89
ENTERTAINMENT,old fashioned manner first meeting,0.041682553,0.8718821,0.044750523,0.04168483,Topic 1,0.87
POLITICS,meet,0.12576488,0.12503238,0.6241659,0.12503688,Topic 2,0.62
ENTERTAINMENT,say,0.12500557,0.12503608,0.12994023,0.6200181,Topic 3,0.62
POLITICS,win applause code pink,0.051889505,0.84807324,0.050017998,0.050019275,Topic 1,0.85
POLITICS,analyst warn majority danger,0.050027397,0.050016608,0.84993744,0.050018564,Topic 2,0.85
